白鹿超话 bl#白鹿李青月#bl#白鹿临江仙#The flower will wither and the love will never wither &quot;花会枯萎爱意永不凋零&quot;@白鹿my ​​​
白鹿超话 bl#白鹿李青月#bl#白鹿临江仙#The flower will wither and the love will never wither &quot;花会枯萎爱意永不凋零&quot;@白鹿my ​​​
白鹿超话 bl#白鹿李青月#bl#白鹿临江仙#The flower will wither and the love will never wither &quot;花会枯萎爱意永不凋零&quot;@白鹿my ​​​
白鹿超话 bl#白鹿李青月#bl#白鹿临江仙#The flower will wither and the love will never wither &quot;花会枯萎爱意永不凋零&quot;@白鹿my ​​​
白鹿超话 bl#白鹿李青月#bl#白鹿临江仙#The flower will wither and the love will never wither &quot;花会枯萎爱意永不凋零&quot;@白鹿my ​​​
白鹿超话 bl#白鹿李青月#bl#白鹿临江仙#The flower will wither and the love will never wither &quot;花会枯萎爱意永不凋零&quot;@白鹿my ​​​
白鹿超话白鹿超话bl#白鹿李青月#bl#白鹿临江仙#The flower will wither and the love will never wither &quot;花会枯萎爱意永不凋零&quot;@白鹿my ​​​
白鹿超话 bl#白鹿李青月#bl#白鹿临江仙#The flower will wither and the love will never wither &quot;花会枯萎爱意永不凋零&quot;@白鹿my ​​​
白鹿超话 bl#白鹿李青月#bl#白鹿临江仙#The flower will wither and the love will never wither &quot;花会枯萎爱意永不凋零&quot;@白鹿my ​​​
白鹿超话 bl#白鹿李青月#bl#白鹿临江仙#The flower will wither and the love will never wither &quot;花会枯萎爱意永不凋零&quot;@白鹿my ​​​
白鹿超话 bl#白鹿李青月#bl#白鹿临江仙#The flower will wither and the love will never wither &quot;花会枯萎爱意永不凋零&quot;@白鹿my ​​​
白鹿超话 bl#白鹿李青月#bl#白鹿临江仙#The flower will wither and the love will never wither &quot;花会枯萎爱意永不凋零&quot;@白鹿my ​​​
白鹿超话 bl#白鹿李青月#bl#白鹿临江仙#The flower will wither and the love will never wither &quot;花会枯萎爱意永不凋零&quot;@白鹿my ​​​
白鹿超话 bl#白鹿李青月#bl#白鹿临江仙#The flower will wither and the love will never wither &quot;花会枯萎爱意永不凋零&quot;@白鹿my ​​​
白鹿超话 bl#白鹿李青月#bl#白鹿临江仙#The flower will wither and the love will never wither &quot;花会枯萎爱意永不凋零&quot;@白鹿my ​​​
白鹿超话 bl#白鹿李青月#bl#白鹿临江仙#The flower will wither and the love will never wither &quot;花会枯萎爱意永不凋零&quot;@白鹿my ​​​
白鹿超话 bl#白鹿李青月#bl#白鹿临江仙#The flower will wither and the love will never wither &quot;花会枯萎爱意永不凋零&quot;@白鹿my ​​​
白鹿超话 bl#白鹿李青月#bl#白鹿临江仙#The flower will wither and the love will never wither &quot;花会枯萎爱意永不凋零&quot;@白鹿my ​​​
白鹿超话 bl#白鹿李青月#bl#白鹿临江仙#The flower will wither and the love will never wither &quot;花会枯萎爱意永不凋零&quot;@白鹿my ​​​
白鹿超话 bl#白鹿李青月#bl#白鹿临江仙#The flower will wither and the love will never wither &quot;花会枯萎爱意永不凋零&quot;@白鹿my ​​​
白鹿超话 bl#白鹿李青月#bl#白鹿临江仙#The flower will wither and the love will never wither &quot;花会枯萎爱意永不凋零&quot;@白鹿my ​​​
白鹿超话 白鹿天天开心bl#白鹿李青月#bl#白鹿临江仙#“花会凋谢 但我对你的爱不会 这份爱意永远不会凋零 我的爱永远热恋”@白鹿my ​​​
白鹿超话 白鹿天天开心bl#白鹿李青月#bl#白鹿临江仙#“花会凋谢 但我对你的爱不会 这份爱意永远不会凋零 我的爱永远热恋”@白鹿my ​​​
白鹿超话 白鹿天天开心bl#白鹿李青月#bl#白鹿临江仙#“花会凋谢 但我对你的爱不会 这份爱意永远不会凋零 我的爱永远热恋”@白鹿my ​​​
白鹿超话 白鹿天天开心bl#白鹿李青月#bl#白鹿临江仙#“花会凋谢 但我对你的爱不会 这份爱意永远不会凋零 我的爱永远热恋”@白鹿my ​​​
白鹿超话 白鹿天天开心bl#白鹿李青月#bl#白鹿临江仙#“花会凋谢 但我对你的爱不会 这份爱意永远不会凋零 我的爱永远热恋”@白鹿my ​​​
白鹿超话 白鹿天天开心bl#白鹿李青月#bl#白鹿临江仙#“花会凋谢 但我对你的爱不会 这份爱意永远不会凋零 我的爱永远热恋”@白鹿my ​​​
白鹿超话 白鹿天天开心bl#白鹿李青月#bl#白鹿临江仙#“花会凋谢 但我对你的爱不会 这份爱意永远不会凋零 我的爱永远热恋”@白鹿my ​​​
我正在#奇遇心愿池#pick我想见的「赵露思&amp;可露丽」，快来一起参与许愿吧！你的TA向你奔赴而来~#微博奇遇记# 奇遇心愿池
赵露思超话赵露思超话zls#赵露思珠帘玉幕#zls#赵露思苏幕遮#“世俗的枷锁永远囚禁不住我对你的思念”  @赵露思的微博 ​​​
赵露思超话 zls#赵露思珠帘玉幕#zls#赵露思苏幕遮#“世俗的枷锁永远囚禁不住我对你的思念”  @赵露思的微博 ​​​
赵露思超话 zls#赵露思珠帘玉幕#zls#赵露思苏幕遮#“世俗的枷锁永远囚禁不住我对你的思念”  @赵露思的微博 梦妍本妍喔的微博视频 ​​​
赵露思超话 zls#赵露思珠帘玉幕#zls#赵露思苏幕遮#想写一封情书 送给未来的你. @赵露思的微博 ​​​
赵露思超话 zls#赵露思珠帘玉幕#zls#赵露思苏幕遮#想写一封情书 送给未来的你. @赵露思的微博 ​​​
赵露思超话 zls#赵露思珠帘玉幕#zls#赵露思苏幕遮#想写一封情书 送给未来的你. @赵露思的微博 ​​​
赵露思超话 zls#赵露思珠帘玉幕#zls#赵露思苏幕遮#想写一封情书 送给未来的你. @赵露思的微博 ​​​
赵露思超话 zls#赵露思珠帘玉幕#zls#赵露思苏幕遮#“爱是一场浩大的冒险” &quot;𝓛𝓸𝓿𝓮 𝓲𝓼 𝓪 𝓱𝓾𝓰𝓮 𝓪𝓭𝓿𝓮𝓷𝓽𝓾𝓻𝓮 &quot;@赵露思的微博 ​​​
赵露思超话zls #赵露思珠帘玉幕 zls #赵露思端午“你眼中的点点星光，是我将一生奔赴的星辰.”  @赵露思的微博 ​​​
赵露思超话 zls#赵露思珠帘玉幕#zls#赵露思苏幕遮#能不能不要忘记我.@赵露思的微博 梦妍本妍喔的微博视频 ​​​
赵露思超话 zls#赵露思珠帘玉幕#zls#赵露思苏幕遮#“世俗的枷锁永远囚禁不住我对你的思念”  @赵露思的微博 ​​​
赵露思超话 zls#赵露思珠帘玉幕#zls#赵露思苏幕遮#“爱是一场浩大的冒险” &quot;𝓛𝓸𝓿𝓮 𝓲𝓼 𝓪 𝓱𝓾𝓰𝓮 𝓪𝓭𝓿𝓮𝓷𝓽𝓾𝓻𝓮 &quot;@赵露思的微博 ​​​
赵露思超话 zls#赵露思珠帘玉幕#zls#赵露思苏幕遮#想写一封情书 送给未来的你. @赵露思的微博 ​​​
赵露思超话 《传闻中的陈芊芊》露思之光 在梦的舞台中央赵露思似星辰闪亮眼眸藏着灵动光芒笑靥如春日花绽芬芳 《传闻中的陈芊芊》里她是俏皮勇敢的花匠在奇妙的世界闯荡用率真书写爱的诗行 每一个表情 每一句对白都像魔法把心门轻开甜美与坚韧完美合拍演绎出多彩的绝代风釆 时光 ​​​ ...展开
//@内娱天选omega:终于等到老婆！宝宝我来了！
赵露思超话 zls #赵露思珠帘玉幕 zls #赵露思端午“你眼中的点点星光，是我将一生奔赴的星辰.”  @赵露思的微博 ​​​
赵露思超话 善良是一束美丽的玫瑰，当你赠送他人时，也为你自己留下了满室的芬芳;善良是冬天里的太阳，在照耀了他人的同时，也温暖了你自己;善良是充满芬芳的香水，当洒在别人身上时，自己也会溅到两三滴。 ​​​
赵露思超话 赵露思我的女神好美我爱了的微博视频 ​​​
赵露思超话zls#赵露思珠帘玉幕#zls#赵露思苏幕遮#想写一封情书 送给未来的你. @赵露思的微博 ​​​
赵露思超话zls#赵露思珠帘玉幕#zls#赵露思苏幕遮#“爱是一场浩大的冒险” &quot;𝓛𝓸𝓿𝓮 𝓲𝓼 𝓪 𝓱𝓾𝓰𝓮 𝓪𝓭𝓿𝓮𝓷𝓽𝓾𝓻𝓮 &quot;@赵露思的微博 ​​​
"赵露思超话“神明赋予万物至生命，你赋予我深情而浪漫的爱意”&quot;𝑻𝒉𝒆 𝒈𝒐𝒅𝒔 𝒈𝒂𝒍𝒍 𝒕𝒉𝒊𝒏𝒈𝒔, 𝒂𝒏𝒅 𝒚𝒐𝒖 𝒂𝒏𝒕𝒊𝒄 𝒍𝒐𝒗𝒆.&quot;赵露思去了葫芦音乐节 ​​​"
"赵露思超话“神明赋予万物至生命，你赋予我深情而浪漫的爱意”&quot;𝑻𝒉𝒆 𝒈𝒐𝒅𝒔 𝒈𝒂𝒍𝒍 𝒕𝒉𝒊𝒏𝒈𝒔, 𝒂𝒏𝒅 𝒚𝒐𝒖 𝒂𝒏𝒕𝒊𝒄 𝒍𝒐𝒗𝒆.&quot; ​​​"
赵露思超话捧起温柔月众生皆温柔少年乃人间绝色𝓗𝓸𝓵𝓭𝓲𝓷𝓰𝓾𝓹𝓽𝓱𝓮𝓰𝓮𝓷𝓽𝓵𝓮𝓶𝓸𝓸𝓷𝓪𝓵𝓵𝓵𝓷𝓰𝓫𝓮𝓲𝓲𝓷𝓽𝓱𝓮𝔀𝓸𝓻𝓵𝓭 ​​​
"赵露思超话“海很浪漫你也不例外.”&quot;𝒯𝒽𝑒𝓈𝑒𝒶𝒾𝓈𝓇𝑜𝓂𝒶𝓃𝓉𝒾𝒸,𝒶𝓃𝒹𝓎𝑜𝓊𝒶𝓇𝑒𝓃𝑜𝑒𝓍𝒸𝑒𝓅𝓉𝒾𝑜𝓃.， ​​​"
赵露思超话 捧起温柔月众生皆温柔少年乃人间绝色𝓗𝓸𝓵𝓭𝓲𝓷𝓰𝓾𝓹𝓽𝓱𝓮𝓰𝓮𝓷𝓽𝓵𝓮𝓶𝓸𝓸𝓷𝓪𝓵𝓵𝓵𝓷𝓰𝓫𝓮𝓲𝓲𝓷𝓽𝓱𝓮𝔀𝓸𝓻𝓵𝓭 ​​​
粉丝团心动充电站已强势开启！速戳粉丝团心动充电站 向全世界安利你担，为热爱发电与你担双向奔赴，TOP3可赢取痛楼应援超炫激励，走过路过不许错过~~~#心动来电#粉丝团心动充电站已强势开启！速戳粉丝团心动充电站 向全世界安利你担，为热爱发电与你担双向奔赴，TOP3可赢取痛楼应援超炫激励， ​​​ ...展开
我在赵露思超话抽到了R卡“一露生花”，快来试试你的手气如何！网页链接 ​​​
我在赵露思超话抽到了SR卡“一露生花”，快来试试你的手气如何！网页链接 ​​​
我在赵露思超话抽到了R卡“一露生花”，快来试试你的手气如何！网页链接 ​​​
赵露思超话
"赵露思超话 “海很浪漫你也不例外.”&quot;𝒯𝒽𝑒𝓈𝑒𝒶𝒾𝓈𝓇𝑜𝓂𝒶𝓃𝓉𝒾𝒸,𝒶𝓃𝒹𝓎𝑜𝓊𝒶𝓇𝑒𝓃𝑜𝑒𝓍𝒸𝑒𝓅𝓉𝒾𝑜𝓃.， ​​​"
#心动来电#同担快来粉丝团心动充电站 助力，我已为赵露思充电2点电量！电量TOP3能赢得超炫的痛楼应援，走过路过的家人们都来电一下~#520# ​​​
#心动礼遇季# ​​​
赵露思超话题超话我来咯~新人报道，首发帖在线求互评ing，快来与我互动吧~ 很高兴认识大家哟  ​​​
自动签到超话我来咯~新人报道，首发帖在线求互评ing，快来与我互动吧~ 很高兴认识大家哟  ​​​
可露丽秘密基地超话我来咯~新人报道，首发帖在线求互评ing，快来与我互动吧~ 很高兴认识大家哟  ​​​
平行世界的你们，过得好吗 平行世界的你们，过得好吗陈芊芊 我的点评：古风剧 ​​​
平行世界的你们，过得好吗 平行世界的你们，过得好吗桑稚 我的点评：校园剧 ​​​
平行世界的你们，过得好吗 平行世界的你们，过得好吗程少商 我的点评：大家多多看，超级好看 ​​​
救命！居然被 【 “莫等闲，白了少年头，空悲切” 是谁的词句？ 】难住了😭 速来 #你好五月趣味答题# 帮我复活！  ​​​
"赵露思超话 “海很浪漫你也不例外.”&quot;𝒯𝒽𝑒𝓈𝑒𝒶𝒾𝓈𝓇𝑜𝓂𝒶𝓃𝓉𝒾𝒸,𝒶𝓃𝒹𝓎𝑜𝓊𝒶𝓇𝑒𝓃𝑜𝑒𝓍𝒸𝑒𝓅𝓉𝒾𝑜𝓃.， ​​​"
赵露思超话 zls#赵露思珠帘玉幕#zls#赵露思苏幕遮#想写一封情书 送给未来的你. @赵露思工作室官微 ​​​
赵露思
#电视剧#许我耀眼 ​​​
#遇见心动时刻# ​​​
zls#赵露思珠帘玉幕#zls#赵露思苏幕遮#  想写一封情书 送给未来的你.   @赵露思的微博
赵露思超话 只有自渡才是真渡知足知不足有为有不为无所求必满载而归你不去想任何的节点跟想要去收获到任何的东西你才会觉得收获到哪怕是那么一丢丢你都会觉得胜利了---赵露思 ​​​
赵露思超话 知足知不足，有为有不为。太多的事情是事与愿违的，无所求必满载而归。---赵露思 ​​​
赵露思超话 和解就是变成你想要变成的样子，但不是躺平。___赵露思 ​​​
每个花都可以长的不一样，你看就像每一个女孩子也不一样。特别是最重要的，一样不重要。---赵露思 ​​​
赵露思超话 zls #赵露思苏幕遮 zls #赵露思端午 · 星辰多温柔，恰似你眼眸@赵露思的微博 ​​​
赵露思超话答应你的紫海我们做到了！zls #赵露思珠帘玉幕# zls #赵露思苏幕遮#“你如天边耀眼的太阳闪烁着希望的光，点亮了我黯淡无光的生活.”@赵露思的微博 ​​​
赵露思超话  zls #赵露思珠帘玉幕 zls #赵露思端午“你眼中的点点星光，是我将一生奔赴的星辰.”  @赵露思的微博 ​​​
赵露思超话 zls#赵露思神隐#zls#赵露思阿音#“我把我们的故事写成书锁住仅有的回忆”@赵露思的微博 ​​​
赵露思超话 zls#赵露思神隐#zls#赵露思凤隐#“我将玫瑰藏于身后，期盼与你赴约”@赵露思的微博 ​​​
赵露思超话 zls #赵露思珠帘玉幕 zls #赵露思端午“你眼中的点点星光，是我将一生奔赴的星辰.”  @赵露思的微博 ​​​
赵露思超话 zls #赵露思苏幕遮 zls #赵露思端午&quot;从晨光熹微到红霞漫卷 爱意从未落幕.&quot; @赵露思的微博 ​​​
//@IAM_时芹思:1.宣发：许我耀眼🫘🍠做好推流 ‼️ 找来趣合作‼️找来趣合作‼️2.剧本：深度接触大ip‼️好班底 古装剧考虑二搭费振翔‼️3.营业：及时跟随某音热点拍摄单人视频 ‼️4.舆情：全平台加大告黑力度 按时公布告黑进度‼️//@赵露思工作室官微:赵露思超话 今晚零点一起在线听歌～ ...展开
//@芝兔荔酥kk:期待宝宝新歌，你赶紧告黑//@赵露思工作室官微:赵露思超话 今晚零点一起在线听歌～#赵露思新歌LookYourself#
