#金蛇添福迎新年# 福运至！我收到了@微博开新年 送我的#添开心#卡集齐6种添福卡，除夕夜20:25准点开红包，最高2025元！速戳&gt;&gt;金蛇添福迎新年 加入集卡，喜迎蛇年开门红！ ​​​
有点实力在身上！#金蛇添福迎新年# 边抽卡边解锁0.08元惊喜红包，继续做任务抽添福卡，新年红包滚滚来！话不多说，一起来~  ​​​
#金蛇添福迎新年# 福运至！我收到了@微博开新年 送我的#添喜事#卡集齐6种添福卡，除夕夜20:25准点开红包，最高2025元！速戳&gt;&gt;金蛇添福迎新年 加入集卡，喜迎蛇年开门红！ ​​​
#金蛇添福迎新年# 福运至！我收到了@微博开新年 送我的#添财运#卡集齐6种添福卡，除夕夜20:25准点开红包，最高2025元！速戳&gt;&gt;金蛇添福迎新年 加入集卡，喜迎蛇年开门红！ ​​​
#金蛇添福迎新年# 福运至！我收到了@微博开新年 送我的#添开心#卡集齐6种添福卡，除夕夜20:25准点开红包，最高2025元！速戳&gt;&gt;金蛇添福迎新年 加入集卡，喜迎蛇年开门红！ ​​​
#金蛇添福迎新年# 福运至！我收到了@微博开新年 送我的#添安康#卡集齐6种添福卡，除夕夜20:25准点开红包，最高2025元！速戳&gt;&gt;金蛇添福迎新年 加入集卡，喜迎蛇年开门红！ ​​​
#金蛇添福迎新年# 福运至！我收到了@微博开新年 送我的#添喜事#卡集齐6种添福卡，除夕夜20:25准点开红包，最高2025元！速戳&gt;&gt;金蛇添福迎新年 加入集卡，喜迎蛇年开门红！ ​​​
#金蛇添福迎新年# 福运至！我收到了@微博开新年 送我的#添财运#卡集齐6种添福卡，除夕夜20:25准点开红包，最高2025元！速戳&gt;&gt;金蛇添福迎新年 加入集卡，喜迎蛇年开门红！ ​​​
#金蛇添福迎新年# 福运至！我收到了@微博开新年 送我的#添安康#卡集齐6种添福卡，除夕夜20:25准点开红包，最高2025元！速戳&gt;&gt;金蛇添福迎新年 加入集卡，喜迎蛇年开门红！ ​​​
#金蛇添福迎新年# 福运至！我收到了@微博开新年 送我的#添开心#卡集齐6种添福卡，除夕夜20:25准点开红包，最高2025元！速戳&gt;&gt;金蛇添福迎新年 加入集卡，喜迎蛇年开门红！ ​​​
#金蛇添福迎新年# 福运至！我收到了@微博开新年 送我的#添安康#卡集齐6种添福卡，除夕夜20:25准点开红包，最高2025元！速戳&gt;&gt;金蛇添福迎新年 加入集卡，喜迎蛇年开门红！ ​​​
#金蛇添福迎新年# 福运至！我收到了@微博开新年 送我的#添财运#卡集齐6种添福卡，除夕夜20:25准点开红包，最高2025元！速戳&gt;&gt;金蛇添福迎新年 加入集卡，喜迎蛇年开门红！ ​​​
#金蛇添福迎新年# 福运至！我收到了@微博开新年 送我的#添安康#卡集齐6种添福卡，除夕夜20:25准点开红包，最高2025元！速戳&gt;&gt;金蛇添福迎新年 加入集卡，喜迎蛇年开门红！ ​​​
#金蛇添福迎新年# 福运至！我收到了@微博开新年 送我的#添喜事#卡集齐6种添福卡，除夕夜20:25准点开红包，最高2025元！速戳&gt;&gt;金蛇添福迎新年 加入集卡，喜迎蛇年开门红！ ​​​
#金蛇添福迎新年# 福运至！我收到了@微博开新年 送我的#添开心#卡集齐6种添福卡，除夕夜20:25准点开红包，最高2025元！速戳&gt;&gt;金蛇添福迎新年 加入集卡，喜迎蛇年开门红！ ​​​
#金蛇添福迎新年# 福运至！我收到了@微博开新年 送我的#添喜事#卡集齐6种添福卡，除夕夜20:25准点开红包，最高2025元！速戳&gt;&gt;金蛇添福迎新年 加入集卡，喜迎蛇年开门红！ ​​​
#金蛇添福迎新年# 福运至！我收到了@微博开新年 送我的#添安康#卡集齐6种添福卡，除夕夜20:25准点开红包，最高2025元！速戳&gt;&gt;金蛇添福迎新年 加入集卡，喜迎蛇年开门红！ ​​​
#金蛇添福迎新年# 福运至！我收到了@微博开新年 送我的#添开心#卡集齐6种添福卡，除夕夜20:25准点开红包，最高2025元！速戳&gt;&gt;金蛇添福迎新年 加入集卡，喜迎蛇年开门红！ ​​​
#金蛇添福迎新年# 福运至！我收到了@微博开新年 送我的#添福气#卡集齐6种添福卡，除夕夜20:25准点开红包，最高2025元！速戳&gt;&gt;金蛇添福迎新年 加入集卡，喜迎蛇年开门红！#蛇年大吉# ​​​
#金蛇添福迎新年# 福运至！我收到了@微博开新年 送我的#添安康#卡集齐6种添福卡，除夕夜20:25准点开红包，最高2025元！速戳&gt;&gt;金蛇添福迎新年 加入集卡，喜迎蛇年开门红！#蛇年大吉# ​​​
#金蛇添福迎新年# 福运至！我收到了@微博开新年 送我的#添福气#卡集齐6种添福卡，除夕夜20:25准点开红包，最高2025元！速戳&gt;&gt;金蛇添福迎新年 加入集卡，喜迎蛇年开门红！#蛇年大吉# ​​​
#金蛇添福迎新年# 福运至！我收到了@微博开新年 送我的#添开心#卡集齐6种添福卡，除夕夜20:25准点开红包，最高2025元！速戳&gt;&gt;金蛇添福迎新年 加入集卡，喜迎蛇年开门红！#蛇年大吉# ​​​
发现一种很新的过节方式！填#新春祝福#贺卡、来#春节团圆故事#讨论，做任务集元宝，就有机会抽2024元，“龙”华富贵找上你！来微博一起过春节 ​​​
#新年快乐# ​​​
#我的龙年仪式感# ​​​
#在一起浓浓的# ​​​
龙年到，集福卡，#龘众送大福#！集齐三种龙福卡，即可获得上汽大众给你的新年现金红包～我获得了【龘展鸿途】卡，快来收集你的新年好福运吧！#龙腾出众# ​​​
#龘众送大福# ​​​
龙年到，集福卡，#龘众送大福#！集齐三种龙福卡，即可获得上汽大众给你的新年现金红包～我获得了【龘展鸿途】卡，快来收集你的新年好福运吧！#龙腾出众# ​​​
新年来#会员红包飞#活动瓜分会员福袋！每日领超大红包与SVIP免费时长！除夕当日买微博会员还送2024个成长值哦！&gt;&gt; ​​​
#集龙宝行龙运# 龙年福运长龙！我收到了@微博开新年 送我的#开心龙宝# 集齐6种龙宝卡，除夕夜20:24准点开红包，最高2024元！速戳&gt;&gt;集龙宝行龙运 加入集卡，迎接龙年开门红！#微博开新年# ​​​
#集龙宝行龙运# 龙年福运长龙！我收到了@微博开新年 送我的#好运龙宝# 集齐6种龙宝卡，除夕夜20:24准点开红包，最高2024元！速戳&gt;&gt;集龙宝行龙运 加入集卡，迎接龙年开门红！#微博开新年# ​​​
#集龙宝行龙运# 龙年福运长龙！我收到了@微博开新年 送我的#有爱龙宝# 集齐6种龙宝卡，除夕夜20:24准点开红包，最高2024元！速戳&gt;&gt;集龙宝行龙运 加入集卡，迎接龙年开门红！#微博开新年# ​​​
#集龙宝行龙运# 龙年福运长龙！我收到了@微博开新年 送我的#好运龙宝# 集齐6种龙宝卡，除夕夜20:24准点开红包，最高2024元！速戳&gt;&gt;集龙宝行龙运 加入集卡，迎接龙年开门红！#微博开新年# ​​​
新年来#会员红包飞#活动瓜分会员福袋！每日领超大红包与SVIP免费时长！除夕当日买微博会员还送2024个成长值哦！&gt;&gt; ​​​
#集龙宝行龙运# 龙年福运长龙！我收到了@微博开新年 送我的#开心龙宝# 集齐6种龙宝卡，除夕夜20:24准点开红包，最高2024元！速戳&gt;&gt;集龙宝行龙运 加入集卡，迎接龙年开门红！#微博开新年# ​​​
#集龙宝行龙运# 龙年福运长龙！我收到了@微博开新年 送我的#团圆龙宝# 集齐6种龙宝卡，除夕夜20:24准点开红包，最高2024元！速戳&gt;&gt;集龙宝行龙运 加入集卡，迎接龙年开门红！#微博开新年# ​​​
#集龙宝行龙运# 龙年福运长龙！我收到了@微博开新年 送我的#有爱龙宝# 集齐6种龙宝卡，除夕夜20:24准点开红包，最高2024元！速戳&gt;&gt;集龙宝行龙运 加入集卡，迎接龙年开门红！#微博开新年# ​​​
开年惊喜～我收到了@领克汽车 送我的【08方来财】新年祝福卡片，快来收集新年好福运吧～ ​​​
开年惊喜～我收到了@领克汽车 送我的【好运0909】新年祝福卡片，快来收集新年好福运吧～ ​​​
龙年到，集福卡，#龘众送大福#！集齐三种龙福卡，即可获得上汽大众给你的新年现金红包～我获得了【龘展鸿途】等2张卡，快来收集你的新年好福运吧！#龙腾出众# ​​​
龙年到，集福卡，#龘众送大福#！集齐三种龙福卡，即可获得上汽大众给你的新年现金红包～我获得了【龙行龘龘】卡，快来收集你的新年好福运吧！#龙腾出众# ​​​
集星卡，开启#吉星高照#好运年！我收到了@极星Polestar 现金红包0.49元，太开心啦！集齐3种极星汽车卡片，立即抽红包！新春集星卡，龙年行大运~ ​​​
集星卡，开启#吉星高照#好运年！我收到了@极星Polestar 【新年“星”禧 】卡，太开心啦！集齐3种极星汽车卡片，立即抽红包！新春集星卡，龙年行大运~ ​​​
集星卡，开启#吉星高照#好运年！我收到了@极星Polestar 【“星”途璀璨】卡，太开心啦！集齐3种极星汽车卡片，立即抽红包！新春集星卡，龙年行大运~ ​​​
集星卡，开启#吉星高照#好运年！我收到了@极星Polestar 【“星”想事成】卡，太开心啦！集齐3种极星汽车卡片，立即抽红包！新春集星卡，龙年行大运~ ​​​
#集龙宝行龙运# 龙年福运长龙！我收到了@微博开新年 送我的#好运龙宝# 集齐6种龙宝卡，除夕夜20:24准点开红包，最高2024元！速戳&gt;&gt;集龙宝行龙运 加入集卡，迎接龙年开门红！#微博开新年# ​​​
新年祝福已收下我在#集龙宝行龙运# 收获了@宋威龙99 送出的#团圆龙宝#卡，还有他的惊喜语音祝福！龙年的好运这不就来了~快来加入集龙宝，接下泼天的好福气#微博开新年#  ​​​
#集龙宝行龙运# 龙年福运长龙！我收到了@微博开新年 送我的#团圆龙宝# 集齐6种龙宝卡，除夕夜20:24准点开红包，最高2024元！速戳&gt;&gt;集龙宝行龙运 加入集卡，迎接龙年开门红！#微博开新年# ​​​
#集龙宝行龙运# 龙年福运长龙！我收到了@我不是胖虎官博君 送我的#有爱龙宝# 集齐6种龙宝卡，除夕夜20:24准点开红包，最高2024元！速戳&gt;&gt;集龙宝行龙运 加入集卡，迎接龙年开门红！#微博开新年# ​​​
#集龙宝行龙运# 龙年福运长龙！我收到了@微博开新年 送我的#好运龙宝# 集齐6种龙宝卡，除夕夜20:24准点开红包，最高2024元！速戳&gt;&gt;集龙宝行龙运 加入集卡，迎接龙年开门红！#微博开新年# ​​​
#集龙宝行龙运# 龙年福运长龙！我收到了@微博开新年 送我的#团圆龙宝# 集齐6种龙宝卡，除夕夜20:24准点开红包，最高2024元！速戳&gt;&gt;集龙宝行龙运 加入集卡，迎接龙年开门红！#微博开新年# ​​​
#集龙宝行龙运# 龙年福运长龙！我收到了@小蓝和他的朋友日常 送我的#有爱龙宝# 集齐6种龙宝卡，除夕夜20:24准点开红包，最高2024元！速戳&gt;&gt;集龙宝行龙运 加入集卡，迎接龙年开门红！#微博开新年# ​​​
龙宝
#集龙宝行龙运# 龙年福运长龙！我收到了@微博开新年 送我的#有爱龙宝# 集齐6种龙宝卡，除夕夜20:24准点开红包，最高2024元！速戳&gt;&gt;集龙宝行龙运 加入集卡，迎接龙年开门红！#微博开新年# ​​​
开年惊喜～我收到了@领克汽车 送我的【0606大顺】新年祝福卡片，快来收集新年好福运吧～ ​​​
龙年到，集福卡，#龘众送大福#！集齐三种龙福卡，即可获得上汽大众给你的新年现金红包～我抽中了现金0.07元，快来收集你的新年好福运吧！#龙腾出众# ​​​
龙年到，集福卡，#龘众送大福#！集齐三种龙福卡，即可获得上汽大众给你的新年现金红包～我获得了【龙颜龘悦】卡，快来收集你的新年好福运吧！#龙腾出众# ​​​
龙年到，集福卡，#龘众送大福#！集齐三种龙福卡，即可获得上汽大众给你的新年现金红包～我获得了【龘展鸿途】等2张卡，快来收集你的新年好福运吧！#龙腾出众# ​​​
龙年到，集福卡，#龘众送大福#！集齐三种龙福卡，即可获得上汽大众给你的新年现金红包～我获得了【龙行龘龘】卡，快来收集你的新年好福运吧！#龙腾出众# ​​​
开年惊喜！#领克请你领红包# 我抽中了@领克汽车 送我的现金0.16元，快来收集新年好福运吧～ ​​​
开年惊喜～我收到了@领克汽车 送我的【08方来财】新年祝福卡片，快来收集新年好福运吧～ ​​​
开年惊喜～我收到了@领克汽车 送我的【好运0909】新年祝福卡片，快来收集新年好福运吧～ ​​​
领克
开年惊喜～我收到了@领克汽车 送我的【0606大顺】新年祝福卡片，快来收集新年好福运吧～ ​​​
#集龙宝行龙运# 龙年福运长龙！我收到了@微博开新年 送我的#安康龙宝# 集齐6种龙宝卡，除夕夜20:24准点开红包，最高2024元！速戳&gt;&gt;集龙宝行龙运 加入集卡，迎接龙年开门红！#微博开新年# ​​​
新年来#会员红包飞#活动瓜分会员福袋！每日领超大红包与SVIP免费时长！除夕当日买微博会员还送2024个成长值哦！&gt;&gt; ​​​
#集龙宝行龙运# 龙年福运长龙！我收到了@微博开新年 送我的#团圆龙宝# 集齐6种龙宝卡，除夕夜20:24准点开红包，最高2024元！速戳&gt;&gt;集龙宝行龙运 加入集卡，迎接龙年开门红！#微博开新年# ​​​
新年祝福已收下我在#集龙宝行龙运# 收获了@关晓彤 送出的#团圆龙宝#卡，还有她的惊喜语音祝福！龙年的好运这不就来了~快来加入集龙宝，接下泼天的好福气#微博开新年#  ​​​
#集龙宝行龙运# 龙年福运长龙！我收到了@微博开新年 送我的#有爱龙宝# 集齐6种龙宝卡，除夕夜20:24准点开红包，最高2024元！速戳&gt;&gt;集龙宝行龙运 加入集卡，迎接龙年开门红！#微博开新年# ​​​
#集龙宝行龙运# 龙年福运长龙！我收到了@微博开新年 送我的#团圆龙宝# 集齐6种龙宝卡，除夕夜20:24准点开红包，最高2024元！速戳&gt;&gt;集龙宝行龙运 加入集卡，迎接龙年开门红！#微博开新年# ​​​
#集龙宝行龙运# 龙年福运长龙！我收到了@微博开新年 送我的#开心龙宝# 集齐6种龙宝卡，除夕夜20:24准点开红包，最高2024元！速戳&gt;&gt;集龙宝行龙运 加入集卡，迎接龙年开门红！#微博开新年# ​​​
#集龙宝行龙运# 龙年福运长龙！我收到了@微博开新年 送我的#安康龙宝# 集齐6种龙宝卡，除夕夜20:24准点开红包，最高2024元！速戳&gt;&gt;集龙宝行龙运 加入集卡，迎接龙年开门红！#微博开新年# ​​​
#集龙宝行龙运# 龙年福运长龙！我收到了@微博开新年 送我的#团圆龙宝# 集齐6种龙宝卡，除夕夜20:24准点开红包，最高2024元！速戳&gt;&gt;集龙宝行龙运 加入集卡，迎接龙年开门红！#微博开新年# ​​​
#集龙宝行龙运# 龙年福运长龙！我收到了@微博开新年 送我的#有爱龙宝# 集齐6种龙宝卡，除夕夜20:24准点开红包，最高2024元！速戳&gt;&gt;集龙宝行龙运 加入集卡，迎接龙年开门红！#微博开新年# ​​​
#集龙宝行龙运# 龙年福运长龙！我收到了@微博开新年 送我的#团圆龙宝# 集齐6种龙宝卡，除夕夜20:24准点开红包，最高2024元！速戳&gt;&gt;集龙宝行龙运 加入集卡，迎接龙年开门红！#微博开新年# ​​​
我刚刚成功抽到了现金红包！小积分竟能抽大礼，机会难得戳我抽奖&gt;&gt;  ​​​
