#金蛇添福迎新年# 福运至！我收到了@微博开新年 送我的#添安康#卡集齐6种添福卡，除夕夜20:25准点开红包，最高2025元！速戳&gt;&gt;金蛇添福迎新年 加入集卡，喜迎蛇年开门红！ ​​​
#金蛇添福迎新年# 福运至！我收到了@微博开新年 送我的#添财运#卡集齐6种添福卡，除夕夜20:25准点开红包，最高2025元！速戳&gt;&gt;金蛇添福迎新年 加入集卡，喜迎蛇年开门红！ ​​​
#金蛇添福迎新年# 福运至！我收到了@微博开新年 送我的#添喜事#卡集齐6种添福卡，除夕夜20:25准点开红包，最高2025元！速戳&gt;&gt;金蛇添福迎新年 加入集卡，喜迎蛇年开门红！ ​​​
#金蛇添福迎新年# 福运至！我收到了@微博开新年 送我的#添福气#卡集齐6种添福卡，除夕夜20:25准点开红包，最高2025元！速戳&gt;&gt;金蛇添福迎新年 加入集卡，喜迎蛇年开门红！ ​​​
#金蛇添福迎新年# 福运至！我收到了@微博开新年 送我的#添福气#卡集齐6种添福卡，除夕夜20:25准点开红包，最高2025元！速戳&gt;&gt;金蛇添福迎新年 加入集卡，喜迎蛇年开门红！ ​​​
#金蛇添福迎新年# 福运至！我收到了@微博开新年 送我的#添财运#卡集齐6种添福卡，除夕夜20:25准点开红包，最高2025元！速戳&gt;&gt;金蛇添福迎新年 加入集卡，喜迎蛇年开门红！ ​​​
好运到~我获得了#微博之夜#「微」卡，再接再厉，冲击最后一轮集卡TOP40就能亲临现场见到我喜爱的TA了！速来集卡一起相约盛典见！#集卡去微博之夜现场#  ​​​
#微博之夜#我推荐@时代少年团-贺峻霖 成为2024微博KING，平平无奇的生活里，他就是我的独家宝藏。谁是你心中的#微博KING和QUEEN# 呢，戳&gt;&gt;微博KING和QUEEN 一起来推荐吧~加入粉丝战队解锁成就席位，还有机会赢取门票亲临微博之夜现场哦~ ​​​
尊嘟需要你！家人们请速戳下方↓为我赠卡，最后一轮集卡数TOP40必得#微博之夜# 门票，快来助我登榜直通现场，为我们共同喜爱的Ta呐喊！#集卡去微博之夜现场#   ​​​
我获得了#微博之夜#「博」卡敲黑板划重点——最后一轮集卡数TOP40必得盛典门票，期待能亲临现场见到我喜爱的TA！一起参与吧！#集卡去微博之夜现场#  ​​​
我心中的2024#微博年度星光人物# 非@时代少年团队长-马嘉祺 莫属！万点繁星皆灿烂，而Ta在我的眼中最最闪耀戳&gt;&gt;微博年度星光人物推荐中 推荐你喜爱的TA，加入粉丝战队，抢占成就席位，还有机会赢取盛典门票亲临#微博之夜# 哦！ ​​​
#非正式跨年派对# ​​​
